symbol,name,mint,label,first_seen,created_at,migrated_at,time_to_migrate_min,t0_mcap,entry_ledger_mcap,entry_ledger_liq,entry_ledger_holders,gate_veto,gate_verdict,last_mcap,max_mcap,multiple,holder_count_now,holder_count_entry,fresh_wallet_pct,top10_pct,top1_pct,creator,creator_prior_launches,creator_prior_wins,creator_prior_rugs,creator_serial,creator_serial_penalty,creator_win_rate,serial_pattern_break,risk_flags,meme_quality_score,volume_h1_now,last_liq,fomo_rank,entry_p,buy_pressure,volume_n,liquidity_n,holder_n,fresh_wallet_n,top10_inv,organic_book,migrate_speed,market_heat_n,meta_heat,symbol_flood_n,twitter_followers,source,t0_snap_mcap,t0_snap_liq,t0_snap_vol_h1,early_snap_mcap,early_snap_liq,early_snap_vol_h1,t15_snap_mcap,t15_snap_liq,t15_snap_vol_h1,mcap_t0_to_early_ratio,liq_t0_to_early_ratio,dump_on_volume,rising_book_15m,fomo_late_hot,has_honest_early_traj,bar_mcap_15m_ratio,bar0_mcap,bar15_mcap,bar0_holders,n_strict_early_snaps
SI,Stupid Inu,3VPoXaRcXxju8qgkVRN87UuXZxbdBD7zyaXPDqqmpump,adjacent_printer,2026-09-29T19:10:40.136192+00:00,2026-09-29T19:07:58+00:00,2026-09-29T19:10:36+00:00,2.6333333333333333,31702.0,40777,16411,271,copycat spam,veto,852962.0,2444311.0,77.10273799760267,271,271,100.0,42.92,22.08,TffSohsKbZF1WDFfLEGJV4JE4dWf8yETfQuer8cxU6k,20,0,5,1,1.0,0.0,1,Same ticker launched repeatedly in 24h (copycat spam) | Ingest score is the t0 miss (frozen LP sample) — book already ran,0.0,32397.96,96136.64,,0.214,0.5572005383580081,0.9832456357582654,0.0,0.7374694588643927,1.0,0.5708,0.0,0.55,0.905982905982906,0.0,1.0,33,poll,31702.0,0.0,41709.97,90196.0,25590.68,156379.07,,,,2.845120181692007,,0.0,1.0,0,1,1.7176349412659098,40777.0,70040.0,271.0,2
SI,Super Intelligence,4UZCTF6XgAKV9gi7oH8EF3cwmSzvq4zGJUaxiJjDpump,dud,2026-10-01T05:34:55.183827+00:00,2026-10-01T05:34:21+00:00,2026-10-01T05:34:50+00:00,0.48333333333333334,371702.0633709123,377062,54167,151,start-high,veto,2107.0,518107.0,1.393877115723713,151,151,100.0,100.0,79.36,C6zKj9gcEk1GnGZ4FuAqqHnqbUVG4kZ1AeGDLvbeosqE,1,1,0,0,0.0,1.0,,Supply looks concentrated in top wallets | One wallet holds a huge share | Many top wallets look brand-new (bundle/sybil risk) | Creator still holds a large bag | Bonding curve filled almost instantly (bundle risk) | Large share of volume is bundler bots | Same ticker launched repeatedly in 24h (copycat spam) | Late Dex catch-up on a real book (start-high t0) | Project X is a pasted tweet on a generated website,0.0,0.0,2139.8,,0.2636,0.5,0.9463759469754618,0.961426274185258,0.6609149601237879,1.0,0.0,0.0,0.05,0.49090909090909085,1.0,1.0,360,poll,371702.0633709123,0.0,0.0,313085.0,49371.88,85065.86,,,,0.8423009470560303,,0.0,0.0,0,1,0.0056277217009404286,377062.0,2122.0,151.0,2
SXI,Super X Inu,4y6afgeh9JbeUJrXrVaU4A4uDYxDN6AugnnYwhrapump,dud,2026-10-01T03:31:22.209079+00:00,2026-10-01T03:31:12+00:00,2026-10-01T03:31:12+00:00,0.0,88265.62,132524,31106,14,,fill,2346.0,272579.0,3.0881672841588834,14,14,100.0,100.0,33.39,HSAFTugAja5kuLeuPyQtQQhxqf793XiY6QD1DfhR1z56,1,0,0,0,0.0,0.0,,X account created very recently | Supply looks concentrated in top wallets | Many top wallets look brand-new (bundle/sybil risk) | Linked X account has almost no posts | First-hour tape is dumping on real volume,0.2432,74417.81,2600.73,,0.2636,0.5,0.0,0.9198608939645143,0.3562566592195133,1.0,0.0,0.0,0.4,0.5863192182410423,1.0,0.0,531,gmgn_trenches,88265.62,0.0,0.0,96670.0,26739.4,253381.68,96670.0,26739.4,253381.68,1.0952169145812378,,0.0,0.0,0,1,0.9343137846729649,132524.0,123819.0,14.0,3
SRI,Super Retarded Inu,5b7xUtsR6SEqwszsSBg5wu9f3o1V6JwUDLkoAxMkpump,dud,2026-10-01T02:49:02.661224+00:00,2026-10-01T02:27:01+00:00,2026-10-01T02:48:59+00:00,21.966666666666665,38584.18,71686,22353,404,,fill,6078.0,102739.0,2.662723427062594,324,404,100.0,68.86,19.77,3q3M9QhGLEy5LA4tPfJMvmD1TWGhnihnSMhmCsB65nKP,2,1,2,0,0.6666666666666666,0.5,,X account created very recently,0.4097,6943.34,5289.36,,0.2975,0.5633299284984679,1.0,0.0,0.78983940105248,1.0,0.5759000000000001,0.0,0.9,0.6262230919765166,1.0,0.0,9,poll,38584.18,0.0,142054.13,,,,,,,,,,,0,0,0.8043690539296375,71686.0,57662.0,404.0,1
.si,slop inu,6qf9kEhwGzHbX14P98C1QAPW8HcnxSPADkSXeyBMpump,dud,2026-10-01T00:52:08.547313+00:00,2026-10-01T00:50:11+00:00,2026-10-01T00:52:05+00:00,1.9,34329.58962572458,37705,15619,279,copycat spam,veto,2536.0,64740.0,1.885836699646641,279,279,81.8,40.49,23.22,JtWsitNagoLgoQdtZeT5NUJ7LnG431xEjHbN2oynswS,1,0,0,0,0.0,0.0,,X account created very recently | Many top wallets look brand-new (bundle/sybil risk) | Bonding curve filled almost instantly (bundle risk) | Same ticker launched repeatedly in 24h (copycat spam) | First-hour tape is dumping on real volume,0.0,60.96,2816.4,,0.2643,0.5,0.0,0.0,0.7412829048046725,0.818,0.5951,0.0,0.05,0.594059405940594,1.0,1.0,0,poll,34329.58962572458,0.0,0.0,2947.0,2926.3,185860.21,,,,0.08584431192243823,,1.0,0.0,0,1,0.0444608590422606,63629.0,2829.0,279.0,2
Super Inu,Super Baby Inui,7aiGSXK7w1gZ3hoqNydBnLDf9k9d29Yar2A8ByJNpump,dud,2026-10-01T00:14:05.379601+00:00,2026-10-01T00:12:20+00:00,2026-10-01T00:14:02+00:00,1.7,69000.0,,,,start-high,,106.0,69000.0,1.0,20,,100.0,99.71,61.5,BoJ3xHCFoUfWxUkY62PxktbJL7FFHGGLUjAaaCQM2E6u,20,2,5,1,1.0,0.1,0,Supply looks concentrated in top wallets | One wallet holds a huge share | Many top wallets look brand-new (bundle/sybil risk) | Creator looks like a serial deployer | Bonding curve filled almost instantly (bundle risk) | Same ticker launched repeatedly in 24h (copycat spam) | Already dumped below graduation mcap (start-high rug pattern) | Watch preview was already thin,0.0,0.0,211.83,,0.02,0.5801526717557252,0.7231489687827104,0.0,0.40052115434962654,1.0,0.0029000000000000137,0.0,0.05,0.7291941875825627,1.0,0.5,0,poll,1038.22,0.0,2499.7,,,,,,,,,,,0,0,1.0,120.0,120.0,20.0,1
SEI,Super Elon inu,7d5xRmFHPdt5r5LW1DrfUsgM57eQyWBG7xS7QrnYpump,dud,2026-10-01T07:28:14.245651+00:00,2026-10-01T07:27:56+00:00,2026-10-01T07:28:10+00:00,0.23333333333333334,48645.95037113259,59696,20193,72,,fill,2415.0,114007.0,2.34360720944315,72,72,100.0,97.22,38.9,q6ZiN3m4PmgWDP5iku5rq5Yd9sGu2sooGwCE8BaMKAA,1,0,0,0,0.0,0.0,,Supply looks concentrated in top wallets | One wallet holds a huge share | Bonding curve filled almost instantly (bundle risk) | Linked X account has almost no posts,0.188,1.42,2685.74,,0.2636,0.5,0.0,0.0,0.564429989664972,1.0,0.027800000000000047,0.0,0.05,0.4450227716330514,1.0,0.0,0,poll,48645.95037113259,0.0,0.0,99330.0,27409.42,364927.08,,,,2.041896586297228,,0.0,1.0,0,1,0.034958565178890046,75661.0,2645.0,72.0,2
.si,.shiba inu,8bN9UYNZmps7bTn3iM5RGA9KVaWLotGbYz29vA1spump,dud,2026-10-01T11:14:19.937300+00:00,2026-10-01T11:07:25+00:00,2026-10-01T11:14:15+00:00,6.833333333333333,33147.31,53515,19131,336,copycat spam,veto,2970.0,59752.0,1.8026198807686056,336,336,100.0,29.15,19.52,HnEZjV3g1JB7xv7UwxRV6Hbi747ydkAVB4U8gpF1DiWD,20,2,8,1,1.0,0.1,0,Many top wallets look brand-new (bundle/sybil risk) | Creator looks like a serial deployer | Same ticker launched repeatedly in 24h (copycat spam) | First-hour tape is dumping on real volume | Project X is a pasted tweet on a generated website,0.0,51.74,3736.24,,0.2637,0.5235625370480143,1.0,0.0,0.765659107908683,1.0,0.7085,0.0,0.55,0.3617300131061599,1.0,1.0,176,poll,33147.31,0.0,182573.13,4170.0,3854.05,105314.63,,,,0.12580206357619972,,1.0,0.0,0,1,0.07788470522283472,53515.0,4168.0,336.0,2
SI,Super Intelligence,9LUfP7XmpVxUgcwTaJz9SMHJA1m6t9HJsG558SLapump,unknown,2026-09-24T08:50:12.742329+00:00,2026-09-24T08:49:53+00:00,2026-09-24T08:50:07+00:00,0.23333333333333334,69000.0,491678,60813,20,pre-pumped,veto,362652.0,577220.0,8.365507246376811,20,20,100.0,100.0,79.34,G1jwrLmuu74KeF8pRpcPNRipcGVgF5hMXzw5UhLMEbPX,1,1,0,0,0.0,1.0,,Supply looks concentrated in top wallets | One wallet holds a huge share | Many top wallets look brand-new (bundle/sybil risk) | Creator still holds a large bag | Bonding curve filled almost instantly (bundle risk) | Large share of volume is bundler bots | Same ticker launched repeatedly in 24h (copycat spam) | Pre-pumped through migration at a huge premium (bundle-owned price) | Score faded — still under 2x after sitting,0.0,544.19,53540.68,,0.2227,0.5,0.9557153648418875,0.9713895523170711,0.40052115434962654,1.0,0.0,0.0,0.05,0.3233082706766917,1.0,1.0,8419,poll,477810.56991677237,0.0,0.0,539052.0,63711.31,21710.75,,,,1.1281709404082354,,0.0,0.0,0,1,,,,,2
SI,Super Intelligence,9TrRDeZv6AmzkQegPmQKzBHVK6LgvznJsS2MBGkrpump,dud,2026-10-01T08:49:05.339257+00:00,2026-10-01T08:37:32+00:00,2026-10-01T08:49:00+00:00,11.466666666666667,69000.0,,,,start-high,,10.0,69000.0,1.0,11,,80.0,99.82,60.71,33k4VKcWqYEWrdKWcPCbEncFcFiePZwQJoGSaJ4RUu3p,15,0,1,1,0.3333333333333333,0.0,0,Supply looks concentrated in top wallets | One wallet holds a huge share | Many top wallets look brand-new (bundle/sybil risk) | Same ticker launched repeatedly in 24h (copycat spam) | Already dumped below graduation mcap (start-high rug pattern) | Watch preview was already thin,0.0,469.83,7.89,,0.02,0.5,0.0,0.0,0.32690108224932923,0.8,0.0018000000000000238,0.0,0.55,0.33201581027667987,1.0,1.0,0,poll,89.78420977857728,0.0,0.0,10.0,7.89,469.83,,,,0.11137815908456125,,0.0,0.0,0,1,1.0,16.0,16.0,11.0,2
SI,Super Intelligence,9aqmJjCnnMQv42TXLk921ceUkN35nea2QP969n1caqjj,printer,2026-09-29T22:44:59.926935+00:00,2026-09-29T22:42:36+00:00,2026-09-29T22:44:57+00:00,2.35,69000.0,47300,17811,69,start-high,veto,7896461.0,7896461.0,79.92453623188406,1946,69,90.9,34.97,21.09,AV7PjXHL5JXZ1YoYRoN9Dsstg1x2UciBupMCXcJP8gUz,33,4,21,1,1.0,0.12121212121212122,1,Many top wallets look brand-new (bundle/sybil risk) | Creator looks like a serial deployer | Same ticker launched repeatedly in 24h (copycat spam) | Already dumped below graduation mcap (start-high rug pattern) | Project X is a pasted tweet on a generated website,0.0,618648.23,351621.75,3,0.2668,0.5859375,0.9009270021625754,0.0,0.5589094031663323,0.909,0.361,0.0,0.55,0.9049180327868853,1.0,1.0,311,poll,14279.64,0.0,17116.36,118685.0,29656.45,107824.11,164423.0,35473.62,189135.7,8.31148404301509,,0.0,1.0,0,1,1.9885200845665962,47300.0,94057.0,69.0,4
GIGAINU,Super Gigainu,AUcLkB7LzvDET6ydcA13iBKbodMZKFuBsbver3ffpump,dud,2026-10-01T07:09:40.507151+00:00,2026-10-01T07:09:29+00:00,2026-10-01T07:09:37+00:00,0.13333333333333333,50117.80046645533,49948,18370,59,,fill,2286.0,65832.0,1.313545275077713,59,59,100.0,98.73,43.21,CZNL59Exh928F1CQH8cXEMrtv3k5sGtwgPvw9sgz5sSA,1,0,0,0,0.0,0.0,,X account created very recently | Supply looks concentrated in top wallets | One wallet holds a huge share | Many top wallets look brand-new (bundle/sybil risk) | Bonding curve filled almost instantly (bundle risk) | Linked X account has almost no posts | First-hour tape is dumping on real volume,0.3053,2.58,2471.57,,0.2636,0.5,0.0,0.0,0.5386301608578536,1.0,0.012699999999999934,0.0,0.05,0.4444444444444444,1.0,0.0,2,poll,50117.80046645533,0.0,0.0,2598.0,2614.91,156116.81,,,,0.051837869495866724,,1.0,0.0,0,1,0.037823550856726215,65832.0,2490.0,59.0,3
.si,slop inu,AYvbtMUyx3s1jX5X7JYwdr61xVJUnZJdvJuMgYxpump,dud,2026-10-01T00:59:05.272172+00:00,2026-10-01T00:54:37+00:00,2026-10-01T00:57:28+00:00,2.85,69000.0,14720,9006,145,start-high,veto,2764.0,69000.0,1.0,145,145,72.7,76.31,51.66,DhFJrGGtFmTJ4iSCwwjpqvMzYRz2rNL9UtskewiHerKo,1,0,1,0,0.3333333333333333,0.0,,X account created very recently | Supply looks concentrated in top wallets | One wallet holds a huge share | Many top wallets look brand-new (bundle/sybil risk) | Sellers already dominate | Same ticker launched repeatedly in 24h (copycat spam) | Already dumped below graduation mcap (start-high rug pattern),0.0,1.9,3427.28,,0.2643,0.5066666666666667,1.0,0.8065511076749974,0.6556167404841422,0.727,0.2369,0.0,0.55,0.5627476882430648,1.0,1.0,12,poll,14720.0,9006.35,61940.82,,,,,,,,,,,0,0,0.937682570593963,4108.0,3852.0,145.0,1
SII,Super Intelligence Inu,BFdFhgZWKpHEvtCRA3R7fQwJfj51kZCk9WR9q3LLpump,unknown,2026-10-01T02:55:26.723713+00:00,2026-10-01T02:52:32+00:00,2026-10-01T02:55:18+00:00,2.7666666666666666,139728.0,139728,32038,163,copycat spam,veto,867171.0,1323216.0,9.469941600824459,163,163,100.0,87.71,16.14,44sM6ZUscvwitkaMwaCFjACqdoNFAkMk72zEiEQfL7H3,1,0,0,0,0.0,0.0,,X account created very recently | Supply looks concentrated in top wallets | Large share of volume is bundler bots | Same ticker launched repeatedly in 24h (copycat spam) | Linked X account has almost no posts,0.0,38494.7,87051.38,,0.2636,0.6729857819905213,0.9752373241422719,0.918945277421664,0.6709112612841952,1.0,0.12290000000000001,1.0,0.55,0.60431654676259,1.0,0.5,0,poll,139728.0,32037.81,38247.94,,,,,,,,,,,0,0,1.0074554562258213,145531.0,146616.0,163.0,1
SI,Space INU,BV4LfkSf4GQyd4JNv8ATs26uuZqxckk7QjSvuvNNpump,dud,2026-10-01T11:04:16.270025+00:00,2026-10-01T10:59:57+00:00,2026-10-01T11:04:13+00:00,4.266666666666667,69000.0,,,,start-high,,23.0,69000.0,1.0,27,,81.8,84.88,28.14,EExNjyV5fQHagwgo6sNspnsBaA9U7V9ko7ywxMFDzWiF,20,0,1,1,0.3333333333333333,0.0,,Supply looks concentrated in top wallets | Many top wallets look brand-new (bundle/sybil risk) | Same ticker launched repeatedly in 24h (copycat spam) | Already dumped below graduation mcap (start-high rug pattern) | Watch preview was already thin,0.0,98.5,6.12,,0.02,0.55,0.3858527296182189,0.15115993796241226,0.438367075376978,0.818,0.1512,0.0,0.55,0.35386631716906947,1.0,1.0,0,poll,13.0,4.51,64.03,23.0,6.12,98.5,,,,1.7692307692307692,1.3569844789356986,0.0,0.0,0,1,,,,,2
SI,SI Doge Moon Landing,CTgKHGxM3ymEVaxJopJtrx3af57v6Vh7QFqqNoLtpump,dud,2026-10-01T10:00:28.723531+00:00,2026-10-01T09:39:04+00:00,2026-10-01T10:00:15+00:00,21.183333333333334,69000.0,,,,start-high,,54.0,54.0,0.000782608695652174,18,,100.0,99.41,55.34,tQZUzqMsbWPmbAJGms87vMpa4GUs17hjXNw1k1DxYfS,20,0,22,1,1.0,0.0,0,Supply looks concentrated in top wallets | One wallet holds a huge share | Many top wallets look brand-new (bundle/sybil risk) | Creator still holds a large bag | Creator looks like a serial deployer | Same ticker launched repeatedly in 24h (copycat spam) | Already dumped below graduation mcap (start-high rug pattern) | Last print is unbacked — stored tape never printed this market cap,0.0,2.82,8.21,,0.02,0.7142857142857143,0.1238701856923117,0.19666344389734325,0.38735470766627733,1.0,0.005900000000000016,0.0,0.9,0.37969676994067236,0.0,1.0,37,poll,54.0,8.21,2.82,,,,,,,,,,,0,0,,,,,1
ST,SuperTrump,Cg5zSFi1STRxuEaNLGGnkA37WJqim9p8RR7ixL4zpump,dud,2026-10-01T09:27:10.952628+00:00,2026-10-01T09:25:22+00:00,2026-10-01T09:27:05+00:00,1.7166666666666666,66325.0,66325,21433,178,copycat spam,veto,2496.0,96570.0,1.456012061816811,178,178,100.0,63.24,21.05,DP6e1PALoHcxxFAyMmVcx2P9eafh2LNEdkHUERzN3sUS,1,0,0,0,0.0,0.0,,X account created very recently | Bonding curve filled almost instantly (bundle risk) | Heavy sniper presence at launch (20+) | Same ticker launched repeatedly in 24h (copycat spam) | GMGN rat-trader volume is high,0.0,0.0,2697.57,,0.2637,0.5871369294605809,0.9893191292490461,0.8833420836151851,0.6824248444579701,1.0,0.3675999999999999,1.0,0.05,0.2700198544010589,0.0,0.75,1,poll,66325.0,21433.36,44543.03,,,,,,,,,,,0,0,0.033620219256907585,80636.0,2711.0,178.0,1
STI,SuperTrumpInu,D9WX1X1nFTBZFjkByufJKxR1F5MQVVDYKAkDeR2gpump,dud,2026-10-01T05:16:34.167851+00:00,2026-10-01T05:16:09+00:00,2026-10-01T05:16:29+00:00,0.3333333333333333,55771.32576981103,72747,22615,75,,fill,2509.0,72747.0,1.3043799657955752,75,75,100.0,98.35,42.43,2THbYue2QKxHAJbvbQPP16aZQtQsn6Dt27G3Yyr5ADAP,1,0,0,0,0.0,0.0,,Supply looks concentrated in top wallets | One wallet holds a huge share | Many top wallets look brand-new (bundle/sybil risk) | Bonding curve filled almost instantly (bundle risk) | Heavy sniper presence at launch (20+) | GMGN rat-trader volume is high | Linked X account has almost no posts | First-hour tape is dumping on real volume,0.4818,914.93,2862.28,,0.2636,0.5,0.8738053202581296,0.8651221859161901,0.5697282093046178,1.0,0.01650000000000007,1.0,0.05,0.46936114732724904,0.0,0.0,10,poll,55771.32576981103,0.0,0.0,2826.0,2790.93,46605.29,,,,0.050671199957912985,,1.0,0.0,0,1,0.039094395645181246,72747.0,2844.0,75.0,2
SI,Super Inu,DEW9dSN6QpWyNthphCpMmAbZP1Q4cEKR9xQXAri98WDP,printer,2026-09-21T15:57:36.739773+00:00,2026-09-21T15:45:01+00:00,2026-09-21T15:45:01+00:00,0.0,69000.0,1747111,135667,2310,copycat spam,veto,42648951.0,42648951.0,143.34540144648247,2310,2310,83.3,26.36,5.6,,0,0,0,0,0.0,0.0,,Same ticker launched repeatedly in 24h (copycat spam),0.0,154343.25,1030606.57,1,0.1486,0.4675392442492499,1.0,1.0,1.0,0.833,0.7363999999999999,1.0,0.4,0.6006904487917146,1.0,0.75,0,sol_fomo,1747111.0,135667.1,2106866.56,,,,,,,,,0.0,1.0,1,0,,,,,1
SC,Super Coin,DNsBHDTtw69dKCoMmiuDFndocnRn9q7m2nJPTL4qpump,dud,2026-10-01T01:03:57.427556+00:00,2026-10-01T01:02:02+00:00,2026-10-01T01:03:54+00:00,1.8666666666666667,157196.0,157196,34091,481,copycat spam,veto,2224.0,180778.0,1.1500165398610651,481,481,100.0,84.66,20.93,AQtxXcBPadEP2ejpgzk1fEZb18i5s9AYn32Xuda2mgyf,1,0,0,0,0.0,0.0,,Supply looks concentrated in top wallets | Bonding curve filled almost instantly (bundle risk) | Large share of volume is bundler bots | Same ticker launched repeatedly in 24h (copycat spam) | First-hour tape is dumping on real volume,0.0,0.47,2385.48,,0.2997,0.8458904109589042,0.9616282215436788,0.9244464014318905,0.8127374189816405,1.0,0.15339999999999998,1.0,0.05,0.5476190476190477,1.0,1.0,10,poll,157196.0,34090.72,33010.9,41431.0,16703.91,203120.47,,,,0.26356268607343697,0.4899840777783514,1.0,0.0,0,1,1.20227664658619,129313.0,155470.0,481.0,2
SI,Seinfeld Intelligence,DQfR71YP4KEjryG5ptnKSD9D6hDgCDMAwaNMcrRMpump,dud,2026-10-01T05:31:44.582261+00:00,2026-10-01T03:40:34+00:00,2026-10-01T05:30:55+00:00,110.35,69000.0,,,,start-high,,6.0,69000.0,1.0,18,,100.0,98.24,44.68,8XDA3tD6Q6kKAi8RhLvdQn4gy2C9notrKVpZhxSWte83,20,0,5,1,1.0,0.0,0,Supply looks concentrated in top wallets | One wallet holds a huge share | Many top wallets look brand-new (bundle/sybil risk) | Creator looks like a serial deployer | GMGN sniper share is high | GMGN rug risk is elevated | Same ticker launched repeatedly in 24h (copycat spam) | Already dumped below graduation mcap (start-high rug pattern) | Watch preview was already thin,0.0,2.82,2.69,,0.02,0.6666666666666666,0.058344135469059075,0.14821804338308095,0.38735470766627733,1.0,0.01760000000000006,0.0,0.9,0.49059052563270605,1.0,1.0,0,gmgn_trenches,17.0,4.33,0.88,6.0,2.69,2.82,,,,0.35294117647058826,0.6212471131639723,0.0,0.0,0,1,,,,,2
SI,Super Inu,DW4QoRhK4tTSETAFcnyBuy4qxoEXfBpDueMfG9Rjpump,dud,2026-10-01T11:46:02.852582+00:00,2026-10-01T11:45:32+00:00,2026-10-01T11:45:59+00:00,0.45,367008.99610843725,383508,54376,2085,start-high,veto,2095.0,412126.0,1.1229316021404347,2085,2085,18.2,23.5,13.09,9WtNs6pUGX6EfpFAZuQFwTQbNFXKo1R5z3UmDy1NupLS,1,1,0,0,0.0,1.0,,Bonding curve filled almost instantly (bundle risk) | Same ticker launched repeatedly in 24h (copycat spam) | Late Dex catch-up on a real book (start-high t0) | GMGN rat-trader volume is high,0.0,28409.86,2103.63,,0.2637,0.5,0.9453677691661573,0.9604847876365404,1.0,0.182,0.765,0.0,0.05,0.3462295081967213,1.0,1.0,0,poll,367008.99610843725,0.0,0.0,200631.0,38786.11,27513.87,,,,0.546665073955629,,0.0,0.0,0,1,0.005465335794820447,383508.0,2096.0,2085.0,2
SA,Super Ansem,DgyoA6ogPYzDm1uB3BZETJfkFnAn91tpnYMo6vqMpump,dud,2026-10-01T00:15:31.043957+00:00,2026-10-01T00:06:35+00:00,2026-10-01T00:15:26+00:00,8.85,40246.07,49711,18263,208,copycat spam,veto,2826.0,72966.0,1.8129968963429224,208,208,81.8,41.5,19.76,Aqx2TCpGuE6Q7UAuw7jnbgqBjUFdoLTAJQU7DkGyBxgv,1,0,0,0,0.0,0.0,,Many top wallets look brand-new (bundle/sybil risk) | Same ticker launched repeatedly in 24h (copycat spam),0.0,15.07,2887.59,,0.2643,0.48031496062992124,1.0,0.0,0.7028090366509151,0.818,0.585,0.0,0.55,0.729676140118969,1.0,0.75,2,poll,40246.07,0.0,69030.5,,,,,,,,,,,0,0,0.06038904870149464,49711.0,3002.0,208.0,1
SI,Stalker Inu,EtTaptdMcgpwUDyqvza55wzmVQ7yuF41wjM99sSxpump,dud,2026-10-01T05:05:24.485102+00:00,2026-10-01T04:58:59+00:00,2026-10-01T04:58:59+00:00,0.0,129460.0,129460,31746,772,copycat spam,veto,2250.0,156889.0,1.2118723930171482,772,772,90.9,25.04,13.1,2qjvtB8a1M2MXSAc2j8QUhbu2s3e7xm7HcNJVAMRHoQ1,1,0,0,0,0.0,0.0,,X account created very recently | GMGN rug risk is elevated | Same ticker launched repeatedly in 24h (copycat spam) | Creator was funded by a wallet behind prior rugs,0.0,0.0,2453.41,,0.2636,0.5205732778548312,1.0,0.9181340241624002,0.8748752869363287,0.909,0.7496,1.0,0.4,0.45430809399477806,1.0,1.0,6,gmgn_trenches,129460.0,31745.71,358399.69,,,,,,,,,,,0,0,0.015099847662997407,156889.0,2369.0,772.0,1
ASI,Anonymous Super Inu,Ezx3CGiAXzYg2pQpmhckbr45BXy59Snnqc8zGUtmpump,dud,2026-10-01T03:32:53.171897+00:00,2026-10-01T03:32:06+00:00,2026-10-01T03:32:43+00:00,0.6166666666666667,60477.0,60477,20327,125,copycat spam,veto,2437.0,60477.0,1.0,125,125,63.6,87.39,27.54,EPxtvfp6Y81RrT2xjZanEwTQVEgivugfhZKB4KM5A8HK,1,0,0,0,0.0,0.0,,Supply looks concentrated in top wallets | Bonding curve filled almost instantly (bundle risk) | Heavy sniper presence at launch (20+) | Same ticker launched repeatedly in 24h (copycat spam) | GMGN rat-trader volume is high | First-hour tape is dumping on real volume,0.0,4.38,2705.19,,0.2636,0.9365079365079365,0.7331555753777614,0.8786478022373724,0.6362354857797856,0.636,0.1261,1.0,0.05,0.6015625,1.0,0.5,7,poll,60477.0,20326.97,2785.65,,,,,,,,,,,0,0,0.0443308040976938,60229.0,2670.0,125.0,1
SGI,Super Girl Inu,Gt9YZu6Udg7NzPhYBQovHTYtqCAMvUXo3GKkVbKhpump,dud,2026-10-01T06:01:29.538723+00:00,2026-10-01T06:01:14+00:00,2026-10-01T06:01:26+00:00,0.2,55704.42728022035,49435,18335,55,copycat spam,veto,2390.0,55704.42728022035,1.0,55,55,100.0,98.7,42.43,FaRDQiZHHPtdt2BtuFtNj33sqHd6PyXk4ytsEBEekxLi,1,0,0,0,0.0,0.0,,Supply looks concentrated in top wallets | One wallet holds a huge share | Many top wallets look brand-new (bundle/sybil risk) | Bonding curve filled almost instantly (bundle risk) | Heavy sniper presence at launch (20+) | Same ticker launched repeatedly in 24h (copycat spam) | GMGN rat-trader volume is high | First-hour tape is dumping on real volume,0.0,0.0,2703.74,,0.2636,0.5,0.875769701456092,0.8650624432958204,0.5295538261961482,1.0,0.013000000000000012,0.0,0.05,0.49090909090909085,1.0,0.5,7,poll,55704.42728022035,0.0,0.0,2892.0,2882.67,155232.99,,,,0.051916878804835996,,1.0,0.0,0,1,0.05842014766865581,49435.0,2888.0,55.0,2
SA,Super Ape,XLnE3drovvmQG9zWNk8kbTQy2uPk1y1HspUM4k8pump,dud,2026-10-01T08:40:39.629442+00:00,2026-10-01T08:40:33+00:00,2026-10-01T08:40:36+00:00,0.05,50453.0844139549,49763,18216,46,copycat spam,veto,2294.0,62654.0,1.2418269512709996,46,46,100.0,99.26,42.38,Df6D1VsPW1rTr4jYrnXfL8SmicGsGHaY77tyN4Tvt6Yu,1,0,0,0,0.0,0.0,,Supply looks concentrated in top wallets | One wallet holds a huge share | Many top wallets look brand-new (bundle/sybil risk) | Bonding curve filled almost instantly (bundle risk) | Same ticker launched repeatedly in 24h (copycat spam) | First-hour tape is dumping on real volume,0.0,0.0,2467.27,,0.2926,0.5,0.0,0.0,0.5065049095208692,1.0,0.007399999999999962,0.0,0.05,0.308300395256917,1.0,1.0,24,poll,50453.0844139549,0.0,0.0,2427.0,2511.49,273913.33,,,,0.04810409567999994,,1.0,0.0,0,1,0.04808793682052931,49763.0,2393.0,46.0,2
